seed,route,cost,distance_km,delay_ms,congestion,runtime_ms,initial_cost,final_cost,improvement_pct
11,A -> C -> E -> G -> H,1.572888888888889,26.0,53.0,0.48,33.02967099999421,1.572888888888889,1.572888888888889,0.0
22,A -> C -> E -> G -> H,1.572888888888889,26.0,53.0,0.48,33.88359199999513,1.6823333333333332,1.572888888888889,6.505514827290128
33,A -> C -> E -> G -> H,1.572888888888889,26.0,53.0,0.48,32.15093300001115,1.6506581196581196,1.572888888888889,4.711407519404319
44,A -> C -> E -> G -> H,1.572888888888889,26.0,53.0,0.48,31.73991500000284,1.6506581196581196,1.572888888888889,4.711407519404319
55,A -> C -> E -> G -> H,1.572888888888889,26.0,53.0,0.48,32.843220000003726,1.711982905982906,1.572888888888889,8.124731655200637
66,A -> C -> E -> G -> H,1.572888888888889,26.0,53.0,0.48,28.25882499999466,1.7580940170940171,1.572888888888889,10.534426851145126
77,A -> C -> E -> G -> H,1.572888888888889,26.0,53.0,0.48,31.57859600000279,1.6506581196581196,1.572888888888889,4.711407519404319
88,A -> C -> E -> G -> H,1.572888888888889,26.0,53.0,0.48,30.819609999994668,1.6506581196581196,1.572888888888889,4.711407519404319
99,A -> C -> E -> G -> H,1.572888888888889,26.0,53.0,0.48,29.589237999999796,1.6506581196581196,1.572888888888889,4.711407519404319
111,A -> C -> E -> G -> H,1.572888888888889,26.0,53.0,0.48,33.36828899999489,1.572888888888889,1.572888888888889,0.0
